{
  "voltage": {
    "min": 16.5,
    "max": 25.329999923706055
  },
  "current": {
    "min": -178.3000030517578,
    "max": 117.91999816894531
  },
  "temperature": {
    "min": 3.2799999713897705,
    "max": 30.0
  },
  "soc": {
    "min": 0.0,
    "max": 100.0
  }
}